{
  "avg_confidence": 0.9039999999999999,
  "confidence_std": 0.08685620300243385,
  "total_samples": 5,
  "error_rate": 0.0,
  "confidence_scores": [
    0.9,
    0.95,
    0.99,
    0.74,
    0.94
  ],
  "features": {}
}