{
  "avg_confidence": 0.7979999999999999,
  "confidence_std": 0.07858753081755401,
  "total_samples": 5,
  "error_rate": 0.0,
  "confidence_scores": [
    0.72,
    0.76,
    0.73,
    0.92,
    0.86
  ],
  "features": {}
}