{
  "avg_confidence": 0.8140000000000001,
  "confidence_std": 0.07391887445030533,
  "total_samples": 5,
  "error_rate": 0.0,
  "confidence_scores": [
    0.83,
    0.75,
    0.84,
    0.93,
    0.72
  ],
  "features": {}
}